{
  "people_acc": 0.954375,
  "people_f1": 0.8614800759013282,
  "people_auc": 0.978201274895135,
  "type_acc": 0.830625,
  "type_f1": 0.8276676381802963
}