{
  "people_acc": 0.9025,
  "people_f1": 0.6892430278884463,
  "people_auc": 0.9544731424293469,
  "type_acc": 0.83125,
  "type_f1": 0.826160607825081
}