{
  "people_acc": 0.951875,
  "people_f1": 0.8544423440453687,
  "people_auc": 0.9776315354889851,
  "type_acc": 0.878125,
  "type_f1": 0.8764229973565866
}