{
  "Linear (CLIP)": {
    "params": 3591,
    "test": {
      "people_acc": 0.9217910447761194,
      "people_f1": 0.7578558225508318,
      "people_auc": 0.9661846042135511,
      "type_acc": 0.8074626865671641,
      "type_f1": 0.8018564571332348
    },
    "val": {
      "people_acc": 0.914396887159533,
      "people_f1": 0.7296786389413988,
      "people_auc": 0.964459523346033,
      "type_acc": 0.8395689913199641,
      "type_f1": 0.8361033436264378
    }
  },
  "MLP (CLIP)": {
    "params": 165127,
    "test": {
      "people_acc": 0.9659701492537314,
      "people_f1": 0.8982142857142857,
      "people_auc": 0.9919296488364068,
      "type_acc": 0.8692537313432835,
      "type_f1": 0.8682557737397254
    },
    "val": {
      "people_acc": 0.9682729721640227,
      "people_f1": 0.9018518518518519,
      "people_auc": 0.9882515007170866,
      "type_acc": 0.8910505836575876,
      "type_f1": 0.8909966479471807
    }
  },
  "MLP (ConvNeXt)": {
    "params": 230663,
    "test": {
      "people_acc": 0.9662686567164179,
      "people_f1": 0.8973660308810173,
      "people_auc": 0.98675604970569,
      "type_acc": 0.8516417910447761,
      "type_f1": 0.8489751203880976
    },
    "val": {
      "people_acc": 0.9637832984136486,
      "people_f1": 0.884871550903901,
      "people_auc": 0.9866325934695467,
      "type_acc": 0.8623166716551931,
      "type_f1": 0.8610120785153846
    }
  }
}