{
  "FT CLIP ViT-B/32": {
    "params": 151442440,
    "test": {
      "people_acc": 0.964776119402985,
      "people_f1": 0.8955752212389381,
      "people_auc": 0.9864924452706982,
      "type_acc": 0.8370149253731344,
      "type_f1": 0.8348445382497691
    }
  },
  "FT ConvNeXt-Tiny": {
    "params": 28049255,
    "test": {
      "people_acc": 0.9561194029850746,
      "people_f1": 0.8672086720867209,
      "people_auc": 0.9800198137839048,
      "type_acc": 0.8107462686567164,
      "type_f1": 0.8095347183696135
    }
  }
}